name,url,unit,description,type,audience,online,ch_branch,ch_phone,ch_email,ch_mail,ch_kiosk,level,level_name,usage_total,usage_digital,usage_frontal,usage_phone
דיווח על מפגע עירוני,https://www.ganeytikva.org.il/%D7%9E%D7%95%D7%A7%D7%93-106/,מוקד,דיווח על מפגעים עירוניים למוקד העירוני,דיווח מידע,כלל האוכלוסייה,כן,לא,כן,כן,לא,לא,5,תהליך אוטומטי,40585,10358,0,27330
תשלום ארנונה,https://city4u.co.il/PortalServicesSite/cityPay/502200?SId=1&LAMASID=502200,הכנסות וארנונה,"תשלום חשבון הארנונה והיטל שמירה באמצעות מגוון אמצעים, כולל כרטיס אשראי, הוראת קבע, העברה בנקאית, מזומן או המחאה, ביט.",תשלומים,כלל האוכלוסייה,כן,כן,כן,כן,כן,לא,5,תהליך אוטומטי,42760,40400,1030,1330
הזמנת כרטיסים לאירועים עירוניים,https://community.ganeytikva.org.il/ganeitikva,תרבות ופנאי,הזמנת כרטיסים למופעי תרבות אותם מפרסמת הרשות מעת לעת,אחר,כלל האוכלוסייה,כן,לא,לא,לא,לא,לא,5,תהליך אוטומטי,21000,21000,0,0
תשלום מים,https://www.mast.co.il/109/payment,תאגיד מים,"תשלום חשבון המים באמצעות מגוון אמצעים, כולל כרטיס אשראי, הוראת קבע, העברה בנקאית, מזומן או המחאה.",תשלומים,כלל האוכלוסייה,כן,כן,כן,לא,לא,לא,5,תהליך אוטומטי,16032,13483,144,2405
הרשמה לפעילויות ספורט עירוניות,https://www.mygt.org.il/page.php?type=matClass&id=644&m=788&ht=#navbar,החברה לפיתוח גני תקווה,"הרשמה לפעילויות ספורט עירוניות,לפי ענפים וקטגוריות",אחר,כלל האוכלוסייה,כן,כן,כן,לא,לא,לא,5,תהליך אוטומטי,9000,5000,2000,2000
איתור מקלטים או מיגוניות בשטח הרשות,https://www.ganeytikva.org.il/shelters/,ביטחון,"מציאת מיקומם של מקלטים ציבוריים הנמצאים בתחום השיפוט של רשות מקומית . הרשות המקומית אחראית בדרך כלל על תחזוקת המקלטים הציבוריים בשטחה, כולל ניקיון, תקינות דלתות וחלונות, ואספקת חשמל. פיקוד העורף הוא הגוף המוסמך להחליט מתי לפתוח את המקלטים הציבוריים בשעת חירום",בקשת מידע,כלל האוכלוסייה,כן,כן,כן,לא,לא,לא,5,תהליך אוטומטי,4041,3960,30,51
איתור ימי פינוי אשפה וגזם,https://www.ganeytikva.org.il/%D7%94%D7%A0%D7%97%D7%99%D7%95%D7%AA-%D7%9C%D7%A4%D7%99%D7%A0%D7%95%D7%99-%D7%92%D7%96%D7%9D-%D7%92%D7%A8%D7%95%D7%98%D7%90%D7%95%D7%AA-%D7%95%D7%A7%D7%A8%D7%98%D7%95%D7%A0%D7%99%D7%9D/,"שפ""ע","איתור ימי אשפה וגזם הם הימים שבהם הרשות המקומית או העירייה מפנה פסולת ביתית ופסולת גינה (גזם) מהרחובות. מדובר בימים קבועים מראש, שבהם התושבים יכולים להוציא את הפסולת מחוץ לבתיהם, והיא תיאסף על ידי העירייה",בקשת מידע,כלל האוכלוסייה,כן,לא,כן,כן,לא,לא,5,תהליך אוטומטי,3976,3634,0,342
ביטול דוחות (ערעור או בקשה להישפט),https://mileon-portal.co.il/Defaultnew.aspx?Rashut=920010,מחלקה משפטית,אפשרות לערעור או ביטול חניה מסיבות מוצדקות,תשלומים,כלל האוכלוסייה,כן,כן,לא,כן,לא,לא,4,דיגיטלי עם הזדהות,2838,1362,1476,0
רישום לצהרונים,https://www.mygt.org.il/page.php?type=matClass&id=578&m=788&ht=,החברה לפיתוח גני תקווה,רישום לצהרונים המופעלים על ידי החברה לפיתוח גני תקווה,"רישוי, רישום ותעודות",הורים,כן,כן,כן,לא,לא,לא,5,תהליך אוטומטי,2000,1700,100,200
מידע על הנחות ופטורים בארנונה,https://www.ganeytikva.org.il/%d7%9e%d7%99%d7%93%d7%a2-%d7%91%d7%a0%d7%95%d7%a9%d7%90-%d7%94%d7%a0%d7%97%d7%95%d7%aa-%d7%91%d7%90%d7%a8%d7%a0%d7%95%d7%a0%d7%94-%d7%9b%d7%9c%d7%9c%d7%99/,הכנסות וארנונה,מידע לתושב או עסק על הנחות ופטורים בארנונה לפי קטגוריות,דיווח מידע,כלל האוכלוסייה,כן,כן,כן,כן,כן,לא,5,תהליך אוטומטי,1963,1563,200,200
בקשה להנחה בארנונה,https://por179.cityforms.co.il/ApplicationBuilder/eFormRender.html?code=81030050568A4D0111BB33BA9A6234DE&Process=ProcessOneClick&NOSE=1&TAT=2&SUG=3,הכנסות וארנונה,בקשה להנחה בארנונה על פי קריטריונים לזכאות,סיוע כלכלי וקצבאות,כלל האוכלוסייה,כן,כן,כן,לא,כן,לא,4,דיגיטלי עם הזדהות,1868,654,349,865
מידע על מעונות יום,https://www.ganeytikva.org.il/%D7%A8%D7%A9%D7%99%D7%9E%D7%AA-%D7%9E%D7%A2%D7%95%D7%A0%D7%95%D7%AA-%D7%99%D7%95%D7%9D-%D7%95%D7%92%D7%A0%D7%99%D7%9D-%D7%A4%D7%A8%D7%98%D7%99%D7%99%D7%9D/,חינוך,קבלת מידע על מעונות יום של הרשות,בקשת מידע,הורים,כן,לא,כן,לא,לא,לא,5,תהליך אוטומטי,1520,1500,0,20
בקשה לקבלת שובר תשלום במייל,https://city4u.co.il/PortalServicesSite/usersManagement/502200/registerForVoucherMail,הכנסות וארנונה,"שירות זה מאפשר לתושב או לבא כוחו לקבל שובר תשלום בדו""א ל במקום לגשת פיזית לעיריה ,לבצע את התשלום באופן מקוון או בבנק.",תשלומים,כלל האוכלוסייה,כן,כן,כן,לא,לא,לא,5,תהליך אוטומטי,1430,1000,10,420
דיווח על שינוי בנכס - חילופי מחזיקים,https://por179.cityforms.co.il/ApplicationBuilder/eFormRender.html?code=81030050568A4D0111BB33BA9A6234DE&Process=ProcessOneClick&NOSE=1&TAT=2&SUG=21,הכנסות וארנונה,העברת בעלות בין בין מחזיקים בנכס,"רישוי, רישום ותעודות",כלל האוכלוסייה,כן,כן,לא,לא,לא,לא,4,דיגיטלי עם הזדהות,1328,540,170,618
רישום לגני ילדים,https://www.ganeytikva.org.il/%D7%A8%D7%99%D7%A9%D7%95%D7%9D-%D7%9C%D7%92%D7%A0%D7%99-%D7%94%D7%99%D7%9C%D7%93%D7%95%D7%AA-%D7%95%D7%94%D7%99%D7%9C%D7%93%D7%99%D7%9D/,חינוך,רישום לגני ילדים לפי חוק חינוך חובה,"רישוי, רישום ותעודות",הורים,כן,כן,לא,לא,לא,לא,4,דיגיטלי עם הזדהות,1000,900,100,0
יצירת קשר עם השירות הפסיכולוגי חינוכי,,שירות פסיכולוגי חינוכי,"פנייה לשירות הפסיכולוגי החינוכי בעיריה, בנושאים מגוונים אשר בטיפול המחלקה",אחר,הורים,לא,כן,כן,כן,לא,לא,5,תהליך אוטומטי,900,0,100,800
אישור העדר חובות לטאבו בגין העברת זכויות,https://www.ganeytikva.org.il/smartforms/200/,הנדסה,"על מנת להעביר זכויות בנכס זהו אישור של הרשות המקומית המופנה אל רשם המקרקעין- טאבו. האישור לרשם המקרקעין מאשר שכל החובות הנוגעים לבעל הנכס בגין הנכס שולמו במלואם לרשות המקומית (חובות כגון: ארנונה, היטל השבחה, אגרות והיטלי פיתוח, אגרות חינוך).","רישוי, רישום ותעודות",כלל האוכלוסייה,כן,כן,לא,לא,לא,לא,4,דיגיטלי עם הזדהות,800,700,100,0
תשלום אגרת אישור עירייה לטאבו,https://www.paykal.co.il/ganeytikva/product/debts/,הנדסה,"אגרת תשלום חובה עבור טיפול בבקשה לקבלת אישור עיריה לרישוו זכויות בטאבו.האגרה היא עבור טיפול בבקשה,בדיקת חובות לעיריה והפקת האישור.",תשלומים,כלל האוכלוסייה,כן,לא,לא,לא,לא,לא,5,תהליך אוטומטי,800,700,100,0
הנפקת אישור היעדר חובות,,הכנסות וארנונה,הנפקת אישור היעדר חובות,בקשת מידע,כלל האוכלוסייה,כן,כן,כן,כן,לא,לא,4,דיגיטלי עם הזדהות,800,700,100,0
"תשלומים לווטרינריה (רישוי, חיסון, שיבוב ועוד)",https://vetclick.co.il/AllUsersAccess/HomePay/IdentifyPayer.aspx?code=18,השירות הוטרינרי,"תשלומים שנתיים שנדרשים לשלם עבור החזקת כלב, ומשמשים למימון שירותים וטרינריים הניתנים על ידי הרשויות המקומיות, כמו חיסונים, רישוי, טיפול במקרי נשיכה ועוד",תשלומים,כלל האוכלוסייה,כן,כן,כן,כן,לא,לא,3,טופס דיגיטלי,782,322,138,322
קביעת תור למחלקת רישוי עסקים,https://www.ganeytikva.org.il/%D7%A8%D7%99%D7%A9%D7%95%D7%99-%D7%A2%D7%A1%D7%A7%D7%99%D7%9D/,רישוי וקידום עסקים,זימון תור למחלקת רישוי עסקים,"רישוי, רישום ותעודות",בעלי עסקים,כן,לא,כן,כן,לא,לא,5,תהליך אוטומטי,740,0,240,500
הגשת אישור מורשה נגישות,https://status-display.citysys.co.il/ganey_tikva/login,רישוי וקידום עסקים,"אישור מורשה נגישות הוא מסמך רשמי הניתן על ידי מורשה נגישות מוסמך, המאשר שהמבנה, השירות או התהליך שהוערך עומדים בדרישות הנגישות המוגדרות בחוק. אישור זה נדרש לעיתים כתנאי לקבלת היתרים שונים, כגון רישיון עסק או היתר בנייה, וכן הוא מהווה חלק מתהליך ההנגשה של מקומות ציבוריים ושירותים לאנשים עם מוגבלויות","רישוי, רישום ותעודות",בעלי עסקים,,לא,כן,כן,לא,לא,2,טופס להורדה,740,0,240,500
רישום לבתי ספר יסודיים (כיתה א),https://edu.onecity.co.il/edu-registration-site/intro?customerId=502200,חינוך,רישום לבתי ספר יסודיים לפי חוק חינוך חובה,"רישוי, רישום ותעודות",הורים,כן,כן,לא,כן,לא,לא,4,דיגיטלי עם הזדהות,600,550,50,0
בקשה לחידוש רישיון כלב,,השירות הוטרינרי,"תהליך שבו בעלי כלבים מבקשים לחדש את הרישיון השנתי שלהם לגידול כלב, בהתאם לחוק הסדרת הפיקוח על כלבים. רישיון זה ניתן לאחר שהכלב חוסן נגד כלבת, סומן בשבב אלקטרוני, ותשלום אגרה שנתית","רישוי, רישום ותעודות",כלל האוכלוסייה,כן,כן,כן,כן,לא,לא,3,טופס דיגיטלי,414,230,92,92
בקשה למידע על פסולת בניין,https://www.ganeytikva.org.il/%D7%94%D7%A0%D7%97%D7%99%D7%95%D7%AA-%D7%9C%D7%94%D7%95%D7%A6%D7%90%D7%94-%D7%A9%D7%9C-%D7%A4%D7%A1%D7%95%D7%9C%D7%AA-%D7%91%D7%A0%D7%99%D7%94-%D7%95%D7%A9%D7%99%D7%A4%D7%95%D7%A5/,"שפ""ע",מידע לגבי הנחיות להוצאת פסולת בניין,בקשת מידע,כלל האוכלוסייה,כן,לא,כן,כן,לא,לא,5,תהליך אוטומטי,350,300,0,50
עדכון הוראת קבע בכרטיס אשראי,https://por179.cityforms.co.il/ApplicationBuilder/eFormRender.html?code=81030050568A4D0111BB33BA9A6234DE&Process=ProcessOneClick&NOSE=1&TAT=2&SUG=4,הכנסות וארנונה,עדכון פרטי כרטיס אשראי לתשלום בהוראת קבע,תשלומים,כלל האוכלוסייה,כן,כן,כן,לא,לא,לא,5,תהליך אוטומטי,347,50,52,245
בקשה לפטור נכס ריק,https://por179.cityforms.co.il/ApplicationBuilder/eFormRender.html?code=81030050568A4D0111BB33BA9A6234DE&Process=ProcessOneClick&NOSE=1&TAT=2&SUG=7,הכנסות וארנונה,בקשה לפטור או הנחה בגין נכס ריק על פי קריטריונים לזכאות,סיוע כלכלי וקצבאות,כלל האוכלוסייה,כן,כן,לא,לא,לא,לא,2,טופס להורדה,332,84,50,198
הצטרפות לספרייה עירונית,,תרבות ופנאי,הצטרפות לשירותי הספריה העירונית,אחר,כלל האוכלוסייה,לא,כן,לא,לא,לא,לא,1,הגעה פיזית,326,0,326,0
דיווח על כלב משוטט- פיקוח,https://www.ganeytikva.org.il/%D7%A9%D7%99%D7%A8%D7%95%D7%AA-%D7%95%D7%98%D7%A8%D7%99%D7%A0%D7%A8%D7%99/,השירות הוטרינרי,"דיווח לרשויות על כלב שנמצא ללא השגחה ואינו קשור ברצועה בשטח ציבורי. תופעה זו עלולה להוות סכנה הן לכלב עצמו והן לציבור, ולכן חשוב לדווח עליה",דיווח מידע,כלל האוכלוסייה,כן,כן,כן,כן,לא,לא,3,טופס דיגיטלי,322,138,46,138
"דיווח על בע""ח במצוקה",,השירות הוטרינרי,"דיווח על בעלי חיים שנמצאים במצב של סבל, הזנחה או התעללות. מדובר במקרים בהם בעל חיים סובל ממצוקה פיזית או נפשית, כתוצאה מטיפול לקוי, תנאי מחיה ירודים או התעללות מכוונת",דיווח מידע,כלל האוכלוסייה,כן,כן,כן,כן,לא,לא,3,טופס דיגיטלי,311,155,46,155
רישום לשירותי חינוך מיוחד,,חינוך,"הגשת בקשה במערכת הממוחשבת של משרד החינוך. הורים שילדיהם לומדים במסגרות חינוכיות פרטיות צריכים להירשם גם במערכת הרישום והשיבוץ לגנים העירוניים הרגילים לפי תאריכי הרישום, ובמקביל לשלוח את המסמכים הנדרשים בדוא""ל למחלקה לחינוך מיוחד: special@ramle.org.il. המחלקה תעביר את הבקשה למשרד החינוך לצורך דיון בוועדת זכאות ואפיון. יש להגיש את המסמכים עד 31 במרץ בכל שנה לצורך יישום ההחלטה לשנה הבאה. ניתן להגיש בקשות גם במהלך השנה דרך פורטל ההורים של משרד החינוך",אחר,הורים,לא,לא,לא,כן,לא,לא,2,טופס להורדה,300,0,300,0
בקשה לסייענות בחינוך מיוחד,,חינוך,בקשה לסיוע מיוחד בחינוך מתייחסת לבקשה להקצאת סייעת אישית לתלמיד עם צרכים מיוחדים הלומד במסגרת חינוך רגילה או מיוחדת. מטרת הסיוע היא לספק תמיכה נוספת לתלמיד כדי לאפשר לו להשתתף באופן מלא בתהליך הלמידה ולממש את הפוטנציאל שלו,אחר,הורים,לא,לא,לא,כן,לא,לא,2,טופס להורדה,300,0,300,0
פנייה ישירה בנושא היטל השבחה,https://handasa.ganeytikva.org.il/%d7%91%d7%93%d7%99%d7%a7%d7%aa-%d7%97%d7%95%d7%91%d7%95%d7%aa-%d7%91%d7%94%d7%a9%d7%91%d7%97%d7%94/,הנדסה,פניה לרשות המקומית לבירור גובה היטל ההשבחה. גובה היטל ההשבחה נקבע על ידי שמאי מקרקעין מטעם הועדה המקומית לתכנון ובניה המעריך את הנכס.,בקשת מידע,כלל האוכלוסייה,לא,לא,לא,כן,לא,לא,2,טופס להורדה,300,300,0,0
בקשה לפטור נכס הרוס/בשיפוצים,https://por179.cityforms.co.il/ApplicationBuilder/eFormRender.html?code=81030050568A4D0111BB33BA9A6234DE&Process=ProcessOneClick&NOSE=1&TAT=2&SUG=20,הכנסות וארנונה,בקשה לפטור או הנחה בגין נכס לא ראוי לשימוש על פי קריטריונים לזכאות,סיוע כלכלי וקצבאות,כלל האוכלוסייה,כן,כן,לא,לא,לא,לא,2,טופס להורדה,258,84,50,124
רישום לחוגי העשרה,https://www.mygt.org.il/page.php?type=matClass&id=643&ht=%D7%97%D7%95%D7%92%D7%99%20%D7%94%D7%A2%D7%A9%D7%A8%D7%94,החברה לפיתוח גני תקווה,"רישום לחוגים אותם מפעילה הרשות,לפי ענפים וקטגוריות","רישוי, רישום ותעודות",כלל האוכלוסייה,כן,כן,כן,לא,לא,לא,5,תהליך אוטומטי,250,220,5,20
פנייה לקבלת שירותי רווחה,https://www.gov.il/he/service/apply-for-help-from-the-department-of-social-services,רווחה ושירותים חברתיים,פניה לקבלת שירותי רווחה מהרשות בתחומי הפרט,אחר,כלל האוכלוסייה,כן,כן,כן,כן,לא,לא,4,דיגיטלי עם הזדהות,250,0,200,50
פנייה לעובד סוציאלי,,רווחה ושירותים חברתיים,פניה לעובד סוציאלי מטעם הרשות לקבלת שירות סוציאלי בתחום הפרט,אחר,כלל האוכלוסייה,לא,כן,כן,כן,לא,לא,1,הגעה פיזית,250,0,200,50
תשלום אגרת שילוט,,הכנסות וארנונה,תשלום אגרת שילוט עבור רישיון שלט,תשלומים,בעלי עסקים,כן,כן,כן,כן,לא,לא,5,תהליך אוטומטי,240,240,0,0
"תשלום קנס - צואת כלבים, חניה,",https://mileon-portal.co.il/DefaultNew.aspx?Rashut=920069,השירות הוטרינרי,"תשלום כספי שנדרש לשלם עקב הפרת תקנות או חוקים הקשורים לבעלי חיים ולשירותים הווטרינריים. זה יכול לכלול קנסות על החזקת כלב ללא רישיון, כלב משוטט, או אי-חיסון כלב נגד כלבת.",תשלומים,כלל האוכלוסייה,כן,כן,כן,כן,לא,לא,5,תהליך אוטומטי,200,150,20,30
עיקור וסירוס כלבים,https://forms-vetdan.binaa.co.il/%D7%A2%D7%99%D7%A7%D7%95%D7%A8-%D7%A1%D7%99%D7%A8%D7%95%D7%A1-%D7%9B%D7%9C%D7%91%D7%99%D7%9D-%D7%91%D7%91%D7%A2%D7%9C%D7%95%D7%AA/,השירות הוטרינרי,בקשה לעיקור או סירוס כלבים על ידי השירותים הוטרינרים ברשות,"רישוי, רישום ותעודות",כלל האוכלוסייה,כן,כן,כן,כן,לא,לא,3,טופס דיגיטלי,200,150,0,50
בקשה ללימודי חוץ,,חינוך,בקשה לתלמידים המעוניינים ללמוד מחוץ לרשות,אחר,הורים,לא,לא,כן,כן,לא,לא,2,טופס להורדה,190,0,190,0
עיקור וסירוס חתולי רחוב,https://forms-vetdan.binaa.co.il/smartforms/3/?embed=1,השירות הוטרינרי,בקשה לעיקור או סירוס חתולי רחוב על ידי השירותים הוטרינרים ברשות,אחר,כלל האוכלוסייה,כן,כן,כן,כן,לא,לא,3,טופס דיגיטלי,180,60,0,120
דיווח על מפגע תברואתי,https://www.ganeytikva.org.il/%D7%9E%D7%95%D7%A7%D7%93-106/,"שפ""ע","תהליך של דיווח על מצב או פעולה המהווים סכנה לבריאות הציבור או לסביבה, כגון הצטברות אשפה, מזיקים או זיהום. דיווח כזה נעשה בדרך כלל לרשויות המקומיות או לארגונים רלוונטיים, במטרה לטפל במפגע ולמנוע את התפשטותו",דיווח מידע,כלל האוכלוסייה,כן,לא,כן,כן,לא,לא,5,תהליך אוטומטי,179,90,0,89
בקשה להחזר תשלום,https://por179.cityforms.co.il/ApplicationBuilder/eFormRender.html?code=81030050568A4D0111BB33BA9A6234DE&Process=ProcessOneClick&NOSE=1&TAT=2&SUG=16,הכנסות וארנונה,"החזר תשלום שבוצע בטעות,תשלום כפול,החזר עבור תקופה שבה לא היה חבות בתשלום, חיוב שגוי או יתרת זכות,החזר אגרת שירות שבוטל",תשלומים,כלל האוכלוסייה,כן,כן,כן,לא,לא,לא,4,דיגיטלי עם הזדהות,172,73,68,9
תשלום אגרת סלילה,,ועדת תכנון ובנייה,"תשלום היטל סלילה אשר נועד לכסות את עלות הרשות המקומית בסלילת כבישים ומדרכות. ההיטל מוטל הן על בניה למגורים והן על בנייה לעסקים. תחשיב היטל הסלילה נערך ע”י גורם מקצועי ועובר אישור של משרד הפנים. הרשות נדרשת, אחת לכמה שנים, לערוך תחשיב מחדש. היטל הסלילה נועד לכסות את הוצאות הבניה והשדרוג של הכבישים והמדרכות וזאת להבדיל מפעולות תחזוקה שעלותן מכוסה מכספי הארנונה.",תשלומים,כלל האוכלוסייה,כן,כן,לא,כן,לא,לא,2,טופס להורדה,150,0,150,0
בקשה לסיוע כספי,,רווחה ושירותים חברתיים,"בקשה לסיוע כספי רווחה היא פנייה למחלקת הרווחה ברשות המקומית לקבלת סיוע כלכלי או חומרי. סיוע זה מיועד לאנשים ומשפחות המתקשים לעמוד בהוצאות מחייה בסיסיות או בהוצאות מיוחדות, כגון רכישת ציוד לבית, תשלום שכר דירה, או מימון טיפולים רפואיים",סיוע כלכלי וקצבאות,כלל האוכלוסייה,לא,כן,כן,כן,לא,לא,1,הגעה פיזית,150,0,125,25
סיוע חומרי/כלכלי,,רווחה ושירותים חברתיים,משרד הרווחה משתתף במימון הוצאות שונות למשפחות ויחידים המוכרים במחלקות לשירותים חברתיים. המימון ניתן בכפוף למגבלות התקציב ולאחר שמוצו כלל האפשרויות לקבלת סיוע עבור אותה מטרה מטעם גופים אחרים. הזכאות מותנית בתשלום השתתפות עצמית. סכום הסיוע ושיעורי ההשתתפות העצמית מחושבים לפי ההכנסות.,סיוע כלכלי וקצבאות,כלל האוכלוסייה,לא,כן,כן,כן,לא,לא,1,הגעה פיזית,150,0,100,50
רישום כלב,https://forms-vetdan.binaa.co.il/19/,השירות הוטרינרי,רישום כלב לשירות ווטרינרי עירוני,"רישוי, רישום ותעודות",כלל האוכלוסייה,כן,כן,כן,כן,לא,לא,3,טופס דיגיטלי,138,46,46,46
העברת בעלות על כלב,https://forms-vetdan.binaa.co.il/19/,השירות הוטרינרי,"שינוי הבעלות הרשמית על הכלב מבעלים אחד לאחר. זה כולל עדכון פרטי הבעלות במרשם הכלבים העירוני והארצי. העברת הבעלות מבטיחה שהבעלות החוקית על הכלב תהיה רשומה על שם הבעלים החדש, מה שמסייע במעקב אחר בעלי כלבים ומתן טיפול נאות","רישוי, רישום ותעודות",כלל האוכלוסייה,כן,כן,כן,כן,לא,לא,3,טופס דיגיטלי,138,46,46,46
שירות שניתן מתוקף חוק,,רווחה ושירותים חברתיים,"עובדים סוציאליים על פי חוק (בעבר פקידי סעד) הם עובדים סוציאליים משירותי הרווחה ברשות המקומית שעברו הכשרה מיוחדת ומונו על-פי חוק מסוים. החוק מאפשר לעובדים הסוציאליים שמונו לתפקיד זה התערבות סמכותית וכפיית דרכי טיפול כדי להגן על אוכלוסיות בסיכון. עובדים סוציאליים על פי חוק יכולים ליזום הליכי פנייה לבית משפט. יש להם סמכות לחקירה, מתן חוות דעת והגשת תסקירים לבית משפט.",אחר,כלל האוכלוסייה,לא,כן,כן,כן,לא,לא,1,הגעה פיזית,130,0,100,30
פתיחת תיק במחלקה לשירותים חברתיים,,רווחה ושירותים חברתיים,"פתיחת תיק במחלקה לשירותים חברתיים היא הליך רישום רשמי המאפשר ליחיד ולמשפחה לקבל הערכה, ליווי וטיפול מעובד סוציאלי. התיק מאגד את פרטי המשפחה ומסייע במיצוי זכויות, סיוע כלכלי וטיפול משפחתי או אישי.",סיוע כלכלי וקצבאות,כלל האוכלוסייה,לא,כן,לא,לא,לא,לא,1,הגעה פיזית,120,0,120,0
איתור מרכזי קהילה ושירותים ציבוריים,https://www.ganeytikva.org.il/%D7%A9%D7%99%D7%A8%D7%95%D7%AA%D7%99%D7%9D-%D7%A2%D7%99%D7%A8%D7%95%D7%A0%D7%99%D7%99%D7%9D/,תרבות ופנאי,"איתור מרכזי קהילה ושירותים ציבוריים ברשות,לרבות מענים קהילתיים לרווחתן של הקבוצות השונות בקהילה, לשיפור נגישותם של התושבים למשאבים",בקשת מידע,כלל האוכלוסייה,כן,כן,כן,לא,לא,לא,5,תהליך אוטומטי,111,91,5,15
בקשה להקצאת מקום חניה לנכה,https://www.ganeytikva.org.il/smartforms/1456/,תחבורה וחניה,בקשת נכה להקצאת חנייה שמורה לנכה ליד מקום מגורים,"רישוי, רישום ותעודות",כלל האוכלוסייה,כן,לא,כן,כן,לא,לא,3,טופס דיגיטלי,104,100,0,4
בקשה להעברת גנים,https://www.ganeytikva.org.il/%D7%90%D7%92%D7%A3-%D7%94%D7%97%D7%99%D7%A0%D7%95%D7%9A-%D7%95%D7%94%D7%A0%D7%95%D7%A2%D7%A8/,חינוך,בקשה למעבר בין גני ילדים ברשות,אחר,הורים,כן,לא,לא,לא,לא,לא,4,דיגיטלי עם הזדהות,100,100,0,0
מידע מרכזי מיצוי זכויות,,רווחה ושירותים חברתיים,"מיצוי זכויות הוא תהליך בו אדם או משפחה מממשים את הזכויות המגיעות להם על פי חוק, בעיקר בתחומים חברתיים כמו בריאות, עבודה, חינוך, דיור וביטחון סוציאלי. מדובר בהבטחת זכויות אלו על ידי מידע, הכוונה וסיוע במימושן מול גופים שונים כמו המוסד לביטוח לאומי, משרדי ממשלה, רשויות מקומיות ועוד",אחר,כלל האוכלוסייה,לא,כן,כן,כן,לא,לא,1,הגעה פיזית,100,0,20,80
דיווח על אובדן כלב,,השירות הוטרינרי,דיווח לרשויות הרלוונטיות (כמו השירות הווטרינרי העירוני או המרכז הארצי לרישום כלבים) ולעיתים גם לעמותות העוסקות במציאת כלבים שאבדו. דיווח זה עוזר לאתר את הכלב במקרה והוא נמצא על ידי אנשים אחרים או ברשויות המקומיות,דיווח מידע,כלל האוכלוסייה,כן,לא,כן,לא,לא,לא,3,טופס דיגיטלי,96,0,0,96
הזמנת אולם קהילתי בבעלות הרשות לאירועים שונים,https://www.coing.co/Gantik_RentASpace,תרבות ופנאי,הזמנת אולם קהילתי בבעלות הרשות לאירועים שונים,אחר,כלל האוכלוסייה,לא,לא,כן,כן,לא,לא,2,טופס להורדה,80,20,0,60
"מידע פרוייקטים מיוחדים (דלת פתוחה , סדנאות למילואימניקים וילדיהם)",https://www.ganeytikva.org.il/%D7%94%D7%A9%D7%99%D7%A8%D7%95%D7%AA-%D7%94%D7%A4%D7%A1%D7%99%D7%9B%D7%95%D7%9C%D7%95%D7%92%D7%99/,שירות פסיכולוגי חינוכי,תמיכה רגשית,אחר,כלל האוכלוסייה,לא,כן,כן,כן,לא,לא,4,דיגיטלי עם הזדהות,80,80,0,15
בקשה להיתרי בנייה,https://handasa.ganeytikva.org.il/iturbakashot/,ועדת תכנון ובנייה,"תהליך שבו מבקשים אישור רשמי מהרשות המקומית לבצע עבודות בנייה, שינויים במבנה קיים, או שינוי בייעוד הנכס. היתר בנייה מבטיח שהבנייה תואמת את התוכניות המאושרות ותקנות הבנייה","רישוי, רישום ותעודות",כלל האוכלוסייה,כן,לא,לא,לא,לא,לא,4,דיגיטלי עם הזדהות,80,80,0,0
תשלום אגרת בנייה,,ועדת תכנון ובנייה,תשלום אגרה לרשות המקומית עבור קבלת היתר בניה,תשלומים,כלל האוכלוסייה,לא,לא,לא,כן,לא,לא,2,טופס להורדה,80,80,0,0
בקשות להקלות/שימושים חורגים,https://handasa.ganeytikva.org.il/iturbakashot/,ועדת תכנון ובנייה,"בקשות להקלות/שימושים חורגים הן בקשות להיתרי בנייה המבקשות שימוש בקרקע או בנכס שאינו תואם את השימוש המוגדר בתכנית בניין עיר (תב""ע) החלה על המקום. במילים אחרות, מדובר בבקשה לשימוש במקרקעין באופן שונה מהמותר על פי התוכנית החלה",בקשת מידע,כלל האוכלוסייה,כן,לא,לא,לא,לא,לא,4,דיגיטלי עם הזדהות,80,80,0,0
בקשה לכריתת/ עקירת עצים,https://www.ganeytikva.org.il/%d7%a0%d7%95%d7%94%d7%9c-%d7%91%d7%a7%d7%a9%d7%aa-%d7%90%d7%99%d7%a9%d7%95%d7%a8-%d7%9b%d7%a8%d7%99%d7%aa%d7%94/,"שפ""ע",בקשה לכריתת עצים היא תהליך משפטי שמטרתו לקבל אישור מהרשויות (בדרך כלל פקיד היערות) לכרות עץ בוגר או מוגן. כריתת עץ ללא אישור עלולה להוביל לקנסות ואף להליכים משפטיים. מדובר בהגשת טופס רשמי לרשות המוסמכת (בדרך כלל פקיד היערות) המבקש אישור לכרות עץ בוגר או מוגן,אחר,כלל האוכלוסייה,כן,לא,כן,לא,לא,לא,4,דיגיטלי עם הזדהות,72,63,0,9
פניה למחלקת הסעות,,חינוך,פניה למחלקת הסעות להורים לתלמידים הזכאים להסעה,בקשת מידע,הורים,לא,לא,כן,כן,לא,לא,2,טופס להורדה,60,0,40,20
בירור חובות בהיטל השבחה,https://handasa.ganeytikva.org.il/%d7%94%d7%99%d7%98%d7%9c%d7%99-%d7%94%d7%a9%d7%91%d7%97%d7%94/,הנדסה,"בירור חבות בהיטל השבחה מאפשר מידע טרום עסקה בדבר חבות בהיטל השבחה על פי נתוני גוש חלקה .על מנת לקבל מענה אם קיימת חובת תשלום היטל השבחה עבור נכס מסוים, ניתן להגיש בקשה בעניין זה למחלקת השבחה ברשות המקומית.",בקשת מידע,כלל האוכלוסייה,כן,כן,לא,כן,לא,לא,2,טופס להורדה,60,50,10,0
בדיקת זכויות בנייה,https://handasa.ganeytikva.org.il/gush2-2/,ועדת תכנון ובנייה,"בדיקת זכויות בנייה היא תהליך של בירור והבנה של מה מותר לבנות על מגרש מסוים, על פי תוכניות בניין עיר (תב""ע) והגבלות נוספות. זה כולל את שטח הבנייה המותר, גובה המבנה, מספר הקומות, קווי בניין ועוד. בדיקת זכויות בנייה חשובה לפני רכישת נכס, תכנון בנייה או שיפוץ, וכן לצורך הערכת שווי הנכס",בקשת מידע,כלל האוכלוסייה,כן,לא,לא,לא,לא,לא,5,תהליך אוטומטי,60,60,0,0
תשלום אגרת בקשת מידע,https://www.paykal.co.il/ganeytikva/product/tik_meida/,הנדסה,תשלום אגרת בקשת מידע בהתאם לחוק חופש המידע,תשלומים,כלל האוכלוסייה,כן,כן,לא,לא,לא,לא,5,תהליך אוטומטי,52,52,0,0
בקשה להעתק החלטת ועדת השמה,,חינוך,"כדי לקבל העתק ממכתב החלטת ועדת זכאות ואפיון לשירותי חינוך מיוחד, יש לפנות למחלקה לחינוך מיוחד בעירייה או למשרד החינוך ולבקש את המסמך הרלוונטי. מומלץ לציין את שם התלמיד/ה ומספר תעודת הזהות בעת הפנייה, ולצרף את המסמכים הנדרשים במידת הצורך.",בקשת מידע,הורים,לא,לא,לא,כן,לא,לא,2,טופס להורדה,50,0,50,0
רישום תושב חדש למוסדות חינוך,https://www.ganeytikva.org.il/smartforms/646/,חינוך,רישום למוסדות החינוך לא בזמן רישום לתושבים חדשים,"רישוי, רישום ותעודות",הורים,לא,כן,לא,כן,לא,לא,2,טופס להורדה,50,0,45,5
מרכז אלימות במשפחה,,רווחה ושירותים חברתיים,"המרכזים למניעת אלימות במשפחה פועלים בקהילה על ידי מומחים בתחום, הפועלים החל מסיוע בשעת חירום ועד לליווי המשפחה במטרה לעצור את ההתנהלות האלימה במשפחה. המרכזים עוסקים באבחון, הערכת מסוכנות, בניית דרכי הגנה, טיפול ושיקום למשפחות במעגל האלימות, הן לנפגעים והן לפוגעים.",אחר,כלל האוכלוסייה,לא,כן,כן,כן,לא,לא,1,הגעה פיזית,50,0,40,10
הצהרה והתחייבות הורים גרושים/פרודים,https://www.ganeytikva.org.il/%D7%90%D7%92%D7%A3-%D7%94%D7%97%D7%99%D7%A0%D7%95%D7%9A-%D7%95%D7%94%D7%A0%D7%95%D7%A2%D7%A8/,חינוך,כתב הצהרה להורים גרושים/פרודים להסכמה לבקשת לרישום/לביטול רישום/העברת הקטין ללימודים בגן ילדים/בבית ספר ברשות,אחר,הורים,כן,לא,לא,לא,לא,לא,5,תהליך אוטומטי,40,40,0,0
ביטול רישום,https://www.ganeytikva.org.il/smartforms/1594/,חינוך,ביטול רישום למסגרת חינוכית של הרשות,אחר,הורים,כן,לא,לא,כן,לא,לא,4,דיגיטלי עם הזדהות,35,15,20,0
הגשת תלונה על בניה לא חוקית,https://www.ganeytikva.org.il/smartforms/730/,ועדת תכנון ובנייה,"הגשת תלונה על בניה לא חוקית היא תהליך דיווח לרשויות על חשד לביצוע עבודות בנייה ללא היתר בנייה כנדרש על פי חוק התכנון והבניה. תלונה כזו נועדה להבטיח שהבנייה תתבצע בהתאם להוראות החוק, תוך שמירה על בטיחות, תכנון סביבתי נכון וסדר ציבור",דיווח מידע,כלל האוכלוסייה,כן,לא,לא,לא,לא,לא,5,תהליך אוטומטי,34,20,0,14
בקשה להחזר עבור הסעות,,חינוך,בקשה להחזר עבור הסעות,תשלומים,הורים,לא,לא,לא,כן,לא,לא,2,טופס להורדה,30,0,30,0
תשלום אגרת עסק,,רישוי וקידום עסקים,"תשלום אגרה לעסק הוא תשלום חובה שבעלי עסקים נדרשים לשלם לרשויות השונות, בדרך כלל באופן שנתי, כתנאי להמשך קיומו של העסק וקבלת שירותים מסוימים. האגרה היא סוג של תשלום חובה שאינו מס טהור ואינו מחיר טהור, והיא משולמת בזיקה לשירותים או פעולות שהרשות הציבורית נותנת לעסק",תשלומים,בעלי עסקים,לא,כן,לא,לא,לא,לא,1,הגעה פיזית,30,0,30,0
בקשה לרישיון עסק,https://www.ganeytikva.org.il/%D7%A9%D7%9C%D7%91-4-%D7%94%D7%92%D7%A9%D7%AA-%D7%91%D7%A7%D7%A9%D7%94-%D7%9C%D7%A8%D7%99%D7%A9%D7%95%D7%99-%D7%A2%D7%A1%D7%A7/,רישוי וקידום עסקים,בקשה לרישיון עסק,"רישוי, רישום ותעודות",בעלי עסקים,כן,כן,לא,לא,לא,לא,4,דיגיטלי עם הזדהות,30,5,25,0
רישום מועדוניות,,רווחה ושירותים חברתיים,רישום מועדוניות טיפוליות במסגרת הרווחה. לאחר שעות הלימודים לכיתות א-ד לילדים המוכרים ברווחה.,"רישוי, רישום ותעודות",ילדים וצעירים,לא,כן,כן,כן,לא,לא,1,הגעה פיזית,30,0,15,15
איתור רכב שנגרר,,תחבורה וחניה,"גרוטאות רכב מהוות מטרד ומפגע בטיחותי ותופסות מקומות חנייה נחוצים ברחבי העיר. בהתאם להוראות חוק שמירת הניקיון (התשמ""ד-1984), רשאית העירייה לפנות גרוטאות רכב שהושלכו ברשות הרבים או ברשות היחיד",בקשת מידע,כלל האוכלוסייה,כן,לא,לא,לא,לא,כן,1,הגעה פיזית,30,0,30,0
פרסום מכרזים,https://www.ganeytikva.org.il/bids/#bids_1,מחלקה משפטית,"פרסום מכרזי העיריה מתייחס לתהליך שבו רשות מקומית (עירייה) מפרסמת הזדמנות להתקשרות בחוזה לביצוע עבודה או רכישת טובין, תוך מתן הזדמנות שווה לכל הגורמים הרלוונטיים להשתתף במכרז. מטרת הפרסום היא להבטיח שקיפות, תחרות הוגנת וקבלת ההצעה הטובה ביותר עבור הרשות המקומי",אחר,כלל האוכלוסייה,לא,כן,לא,לא,לא,לא,1,הגעה פיזית,30,0,30,0
בקשה לאבחון פסיכולוגי-חינוכי,,שירות פסיכולוגי חינוכי,פנייה לשירות הפסיכולוגי דרך המסגרות החינוכיות,אחר,הורים,לא,לא,לא,לא,לא,לא,1,הגעה פיזית,28,0,28,0
החזר נסיעות,,חינוך,החזר נסיעות עבור זכאים לפי קריטריונים מוגדרים של הרשות,תשלומים,הורים,לא,לא,כן,כן,לא,לא,2,טופס להורדה,25,0,18,7
בקשה לאיסוף פסולת מיוחדת,https://www.ganeytikva.org.il/%D7%A9%D7%99%D7%A8%D7%95%D7%AA-%D7%A4%D7%99%D7%A0%D7%95%D7%99-%D7%92%D7%96%D7%9D-%D7%95%D7%A4%D7%A1%D7%95%D7%9C%D7%AA-%D7%91%D7%9B%D7%9E%D7%95%D7%AA-%D7%97%D7%A8%D7%99%D7%92%D7%94/,"שפ""ע","בקשה לאיסוף פסולת מיוחדת מתייחסת לבקשה מתושב או עסק לרשות המקומית לפנות סוגים מסוימים של פסולת שאינם מפוּנים באופן שוטף, כגון גזם גדול.",אחר,כלל האוכלוסייה,כן,לא,כן,כן,לא,לא,5,תהליך אוטומטי,23,4,0,19
ערעור על שיבוץ לגני ילדים,https://www.ganeytikva.org.il/%D7%90%D7%92%D7%A3-%D7%94%D7%97%D7%99%D7%A0%D7%95%D7%9A-%D7%95%D7%94%D7%A0%D7%95%D7%A2%D7%A8/,חינוך,ערעור על החלטת הרשות לשיבוץ מוסד לימודים,אחר,הורים,כן,לא,לא,לא,לא,לא,4,דיגיטלי עם הזדהות,20,20,0,0
טיפול פסיכולוגי פרטני וקבוצתי,,שירות פסיכולוגי חינוכי,"טיפול רגשי, טיפול פרטני או קבוצתי, פנייה דרך המסגרות החינוכיות",אחר,ילדים וצעירים,לא,כן,לא,לא,לא,לא,1,הגעה פיזית,20,0,20,0
תשלום עבור שירות פסיכולוגי משלים,https://www.ganeytikva.org.il/smartforms/298/,שירות פסיכולוגי חינוכי,תשלום עבור שירות פסיכולוגי משלים,אחר,ילדים וצעירים,כן,לא,לא,לא,לא,לא,5,תהליך אוטומטי,20,20,0,0
בקשה לשירות פסיכולוגי משלים,,שירות פסיכולוגי חינוכי,טיפולים ואבחונים,אחר,כלל האוכלוסייה,לא,לא,כן,לא,לא,לא,2,טופס להורדה,20,0,0,20
הגשת התנגדויות לתוכניות,,ועדת תכנון ובנייה,"התנגדות לתכנית היא מסמך כתוב המוגש לוועדת התכנון והבנייה, המפרט את נימוקי ההתנגדות של אדם לתוכנית בנייה מסוימת. ההתנגדות יכולה להיות על תוכנית מתאר מקומית, תוכנית מפורטת, או אפילו בקשה להיתר בנייה",דיווח מידע,כלל האוכלוסייה,כן,לא,לא,כן,לא,לא,5,תהליך אוטומטי,20,20,0,0
בקשה לטופס 4 (רשיון אכלוס),,ועדת תכנון ובנייה,"בקשה לקבלת טופס אישור אכלוס הניתן על ידי הרשות המקומית המאשר שהמבנה ראוי למגורים ועומד בתקנים ובדרישות הבטיחות הנדרשות. קבלת טופס 4 היא שלב הכרחי לפני חיבור המבנה לתשתיות כמו חשמל, מים וטלפון, ולאחר קבלתו ניתן להתגורר במבנה בצורה חוקית","רישוי, רישום ותעודות",כלל האוכלוסייה,לא,כן,לא,כן,לא,לא,3,טופס דיגיטלי,18,0,18,0
עירעור בתי ספר,https://www.ganeytikva.org.il/%D7%90%D7%92%D7%A3-%D7%94%D7%97%D7%99%D7%A0%D7%95%D7%9A-%D7%95%D7%94%D7%A0%D7%95%D7%A2%D7%A8/,חינוך,ערעור על החלטת הרשות לשיבוץ מוסד לימודים,אחר,הורים,כן,לא,לא,לא,לא,לא,4,דיגיטלי עם הזדהות,17,17,0,0
הנפקת אישור תושבות,,הכנסות וארנונה,"הנפקת מסמך המעיד על כך שאדם כשלהו הוא תושב של רשות מקומית מסויימת, בין אם מדובר על עירייה, מועצה וכד'. כלומר, מדובר על מסמך רשמי של הרשות המקומית ובו היא מאשרת בכך שכתובת המגורים העיקרית של אותו אדם הוא נמצא בשטחה","רישוי, רישום ותעודות",כלל האוכלוסייה,לא,כן,כן,כן,לא,לא,4,דיגיטלי עם הזדהות,17,0,7,10
הגשת היתר להצבת דוכני מכירה,,רישוי וקידום עסקים,קבלת היתר להצבת דוכני מכירה בחגים ואירועים,"רישוי, רישום ותעודות",בעלי עסקים,לא,לא,כן,כן,לא,לא,1,הגעה פיזית,15,0,0,15
הגשת בקשה לפטור בהליך רישוי,,ועדת תכנון ובנייה,"הגשת בקשה לפטור בהליך רישוי היא תהליך שבו מבקשים מהרשות המוסמכת (בדרך כלל הוועדה המקומית לתכנון ולבנייה) לפטור מעבודה או מבנה מסוים מהצורך בקבלת היתר בנייה רגיל. הכוונה היא לקבל אישור לבצע עבודה מסוימת, כמו בניית מחסן קטן או התקנת גגון, מבלי לעבור את כל שלבי הרישוי המורכבים והארוכים","רישוי, רישום ותעודות",בעלי עסקים,כן,לא,לא,לא,לא,לא,4,דיגיטלי עם הזדהות,15,15,0,0
בקשה להצבת תמרור חניה לנכה,,תחבורה וחניה,בקשת נכה להצבת תמרור חניה שמור לנכה עקב החלפת רכב,"רישוי, רישום ותעודות",כלל האוכלוסייה,לא,לא,כן,כן,לא,לא,3,טופס דיגיטלי,15,0,0,15
בקשת הנגשה במוסד חינוכי,,חינוך,"בקשת הנגשה במוסד חינוכי היא בקשה שמגישים הורים או תלמידים עם מוגבלות, או מוסדות חינוך, במטרה לקבל התאמות פיזיות, פדגוגיות או טכנולוגיות שיאפשרו לתלמיד להשתלב באופן מלא ושווני בבית הספר. בקשה זו נועדה להבטיח כי כל תלמיד, ללא קשר ליכולותיו הפיזיות או הקוגניטיביות, יוכל לקבל חינוך איכותי ולחוות חווית למידה שוויונית",אחר,הורים,לא,לא,לא,כן,לא,לא,2,טופס להורדה,10,0,10,0
חידוש רישיון עסק,,רישוי וקידום עסקים,חידוש רישיון עסק קיים,"רישוי, רישום ותעודות",בעלי עסקים,לא,כן,לא,לא,לא,לא,1,הגעה פיזית,10,0,10,0
הזמנת תיק בניין מארכיון,,ועדת תכנון ובנייה,"הזמנת תיק בניין מארכיון היא בקשה לקבלת כל המסמכים הקשורים לבניין מסוים, כגון תכניות בנייה, היתרי בנייה, אישורים, וכל התכתובות הקשורות אליו. תיק בניין מספק תיעוד היסטורי מקיף של הבניין, ומאפשר מעקב אחר התפתחותו לאורך זמן",בקשת מידע,כלל האוכלוסייה,לא,כן,לא,כן,לא,לא,1,הגעה פיזית,10,0,10,0
מעונות יום לתינוקות בסיכון,,רווחה ושירותים חברתיים,ועדה למעון בסיבסוד תחת משפחות בסיכון שמוכרות ברווחה מגיל לידה עד 3 הנמצאים בסכנה בהתפתחות פיזית.,אחר,כלל האוכלוסייה,לא,כן,לא,לא,לא,לא,1,הגעה פיזית,10,0,10,0
בקשה למעבר בין בתי ספר,,חינוך,בקשה למעבר בין בתי ספר ברשות,אחר,הורים,לא,לא,לא,כן,לא,לא,2,טופס להורדה,7,0,7,0
בקשה להוצאת מתקנים - היה וירד לצורך תיקונים ולא עלה מחדש,,רישוי וקידום עסקים,"בקשה להוצאת מתקנים"" פירושה בקשה להסיר או להעביר מתקנים כלשהם, כמו מתקנים תעשייתיים, מתקני תשתית או מתקנים אחרים. הבקשה יכולה להיות מוגשת לרשות מקומית, למשרד ממשלתי או לגוף אחר האחראי על המתקנים","רישוי, רישום ותעודות",בעלי עסקים,לא,לא,כן,כן,לא,לא,1,הגעה פיזית,7,0,2,5
בקשה למלווה רפואי,,חינוך,"בקשה לליווי רפואי מתייחסת למספר מצבים, ביניהם: ליווי תלמידים עם צרכים רפואיים ייחודיים בחינוך הרגיל, ליווי סיעודי למטופלים הזקוקים לסיוע בפעולות היום-יום, וליווי בבדיקות וטיפולים רפואיים.",אחר,הורים,לא,לא,לא,כן,לא,לא,2,טופס להורדה,6,0,6,0
טופס בקשה להקצאת קרקע/מבנה,https://www.ganeytikva.org.il/uploads/n/1593077520.8226.pdf,נכסים,"טופס בקשה להקצאת קרקע/מבנה הוא מסמך רשמי שבאמצעותו גוף, לרוב עמותה או חברה לתועלת הציבור, מבקש מהרשות המקומית להקצות לו שימוש בקרקע או במבנה שבבעלות העירייה, תמורת תשלום או ללא תשלום. הבקשה מיועדת למטרות ציבוריות, כגון חינוך, תרבות, רווחה, ספורט, דת או קהילה.","רישוי, רישום ותעודות",כלל האוכלוסייה,לא,כן,לא,כן,לא,לא,2,טופס להורדה,6,0,6,0
בקשה לרשיון שלט,,רישוי וקידום עסקים,"בקשה לרישיון שלט היא תהליך הגשת בקשה רשמית לעירייה או לרשות המקומית לקבלת אישור להתקנת שלט על מבנה או בשטח ציבורי. מדובר בתהליך הכרחי על מנת לוודא שהשלט עומד בתקנות העירוניות, בטיחותי ואינו פוגע בסביבה או במרחב הציבורי.","רישוי, רישום ותעודות",בעלי עסקים,לא,לא,כן,כן,לא,לא,1,הגעה פיזית,5,0,0,5
החלפת רכב לתו נכה,,תחבורה וחניה,החלפת מספר רכב לבעלי תו נכה,"רישוי, רישום ותעודות",כלל האוכלוסייה,לא,לא,כן,כן,לא,לא,3,טופס דיגיטלי,5,0,0,5
הנפקת אישורים רלוונטיים,,רווחה ושירותים חברתיים,"משרד הרווחה והביטחון החברתי מנפיק מגוון אישורים ותעודות המעידים על זכאות לסיוע, מצב תפקודי, או השתייכות לאוכלוסיות יעד. בין האישורים הבולטים: תעודת עיוור/לקוי ראייה, אישור על הכרה באוטיזם","רישוי, רישום ותעודות",כלל האוכלוסייה,לא,כן,לא,כן,לא,לא,1,הגעה פיזית,4,0,4,0
יפוי כח גנים ובתי ספר,,חינוך,"טופס יפוי כח לגני הילדים ובתי הספר עליו חותמים ההורים , לפי תקנות לימוד חובה וחינוך ממלכתי (רישום), תשי”ט-1959",אחר,הורים,לא,לא,לא,כן,לא,לא,2,טופס להורדה,2,0,2,0
יציאה למסגרת חוץ בייתית לקטינים,,רווחה ושירותים חברתיים,יציאה למסגרת חוץ בייתית בהסכמת הקטין והוריו ללא מעורבות של חוק הנוער,סיוע כלכלי וקצבאות,ילדים וצעירים,לא,כן,לא,לא,לא,לא,1,הגעה פיזית,2,0,2,0
יציאה למסגרת חוץ בייתית לנוער,,רווחה ושירותים חברתיים,"השמה של הרווחה היא תהליך מקצועי למציאת מסגרת חוץ-ביתית, טיפולית או תעסוקתית, עבור אנשים הנזקקים לכך. התהליך כולל פנייה לעובד סוציאלי, הערכה בוועדות מקצועיות של משרד הרווחה (כגון ועדת השמה), והתאמת המסגרת הנכונה ביותר.",סיוע כלכלי וקצבאות,ילדים וצעירים,לא,כן,לא,לא,לא,לא,1,הגעה פיזית,2,0,2,0
בקשה לפינוי רכב לגריטה,,תחבורה וחניה,פינוי רכב שהורד מהכביש,אחר,כלל האוכלוסייה,לא,לא,לא,לא,לא,כן,1,הגעה פיזית,2,0,2,0
הגשת היתר לסגירת חורף - בשנת 2025 לא קיבל פניות בנושא,,רישוי וקידום עסקים,"""סגירת חורף"" בעברית מתייחסת להתקנת מבנה זמני או קבוע המכסה מרפסת או פרגולה, במטרה להגן עליהם מפני תנאי מזג האוויר בחורף כמו גשם ורוחות. הסגירה מאפשרת שימוש בשטח המכוסה גם בתקופת החורף, והיא יכולה להיות עשויה מחומרים שונים כמו זכוכית, אלומיניום או PVC","רישוי, רישום ותעודות",בעלי עסקים,לא,לא,כן,לא,לא,לא,1,הגעה פיזית,0,0,0,0
צ'קליסט פתיחת עסק,,רישוי וקידום עסקים,"השירות נועד לייעל את תהליך הרישוי, לצמצם בירוקרטיה ולספק מענה מהיר ומקצועי, תוך שמירה על שקיפות מלאה וזמינות מרבית של כלל המסמכים הנדרשים.","רישוי, רישום ותעודות",בעלי עסקים,לא,לא,לא,לא,לא,לא,5,תהליך אוטומטי,0,0,0,0
דיווח על מבנה מסוכן,,ועדת תכנון ובנייה,דיווח על מבנה מסוכן בעיר,דיווח מידע,כלל האוכלוסייה,לא,לא,לא,כן,לא,לא,2,טופס להורדה,0,0,0,0
תשלום קנס,https://mileon-portal.co.il/DefaultNew.aspx?Rashut=920069,הכנסות וארנונה,"תשלום כספי שנדרש לשלם עקב הפרת תקנות או חוקים הקשורים לבעלי חיים ולשירותים הווטרינריים. זה יכול לכלול קנסות על החזקת כלב ללא רישיון, כלב משוטט, או אי-חיסון כלב נגד כלבת.",תשלומים,כלל האוכלוסייה,כן,כן,כן,לא,לא,לא,5,תהליך אוטומטי,480,280,100,100
תשלום דוחות חניה ודוחות תנועה,https://www.doh.co.il/Default.aspx?ReportType=1&Rashut=920010,הכנסות וארנונה,"תשלום דוחות תנועה וחניה באמצעות מגוון אמצעים, כולל כרטיס אשראי, הוראת קבע, העברה בנקאית, מזומן או המחאה.",תשלומים,כלל האוכלוסייה,כן,כן,כן,לא,לא,לא,5,תהליך אוטומטי,1000,700,125,175
